{
  "rhino_n_yard.jpg": {
    "points_2d": [
      [
        105.7,
        152.3
      ],
      [
        165.7,
        142.2
      ],
      [
        368.2,
        0.7
      ],
      [
        57.6,
        512.4
      ],
      [
        686.1,
        163.3
      ]
    ],
    "points_3d": [
      [
        -1.75668,
        -0.245527,
        5.75413
      ],
      [
        -1.73417,
        -0.255026,
        5.58981
      ],
      [
        -1.56241,
        -0.388107,
        5.10733
      ],
      [
        -2.62493,
        -0.352996,
        4.89393
      ],
      [
        -1.56628,
        -0.204528,
        4.33254
      ]
    ]
  },
  "rhino_pool_frame.jpg": {
    "points_2d": [
      [
        271.8,
        12.9
      ],
      [
        591.9,
        104.6
      ],
      [
        735.0,
        143.5
      ],
      [
        265.5,
        224.4
      ],
      [
        148.4,
        222.2
      ],
      [
        883.4,
        381.3
      ],
      [
        164.0,
        370.1
      ],
      [
        499.8,
        406.4
      ],
      [
        194.0,
        160.9
      ],
      [
        171.2,
        101.9
      ],
      [
        470.3,
        170.3
      ],
      [
        728.7,
        274.5
      ]
    ],
    "points_3d": [
      [
        0.552228,
        0.0258786,
        -2.94309
      ],
      [
        -0.172527,
        0.266242,
        -4.54557
      ],
      [
        -1.10027,
        0.19682,
        -3.82066
      ],
      [
        -0.514891,
        0.383178,
        -2.38855
      ],
      [
        -0.182411,
        0.429625,
        -2.17417
      ],
      [
        -1.82503,
        0.435116,
        -2.93532
      ],
      [
        -0.999977,
        0.460419,
        -2.03956
      ],
      [
        -1.23635,
        0.470169,
        -2.50156
      ],
      [
        0.0118882,
        0.367167,
        -2.38762
      ],
      [
        0.381249,
        0.320636,
        -2.7247
      ],
      [
        -0.678943,
        0.305479,
        -2.9366
      ],
      [
        -1.20533,
        0.379292,
        -3.2174
      ]
    ]
  },
  "rhino_yard_1.jpg": {
    "points_2d": [
      [
        7.0,
        205.6
      ],
      [
        73.1,
        284.4
      ],
      [
        177.2,
        113.7
      ],
      [
        212.5,
        195.7
      ],
      [
        997.0,
        188.0
      ],
      [
        841.7,
        137.7
      ],
      [
        347.8,
        328.8
      ],
      [
        11.0,
        607.2
      ],
      [
        324.8,
        436.0
      ],
      [
        345.6,
        88.4
      ]
    ],
    "points_3d": [
      [
        2.54639,
        -0.233031,
        4.00103
      ],
      [
        2.38381,
        0.0125453,
        4.01626
      ],
      [
        1.34851,
        0.16267,
        1.08506
      ],
      [
        1.68234,
        0.0550553,
        3.14805
      ],
      [
        -0.625813,
        -0.0371232,
        5.46086
      ],
      [
        -0.210938,
        -0.112712,
        4.94883
      ],
      [
        1.89294,
        -0.12426,
        5.04701
      ],
      [
        2.64799,
        0.0513553,
        5.17063
      ],
      [
        2.08727,
        -0.109748,
        5.40464
      ],
      [
        0.277584,
        0.0698647,
        1.11587
      ]
    ]
  }
}