{
  "rhino_n_yard.jpg": {
    "points_2d": [
      [
        119.4,
        154.5
      ],
      [
        124.1,
        98.7
      ],
      [
        974.8,
        2.9
      ],
      [
        1008.3,
        2.0
      ]
    ],
    "points_3d": [
      [
        -0.175466,
        -1.46856,
        6.43721
      ],
      [
        0.975544,
        -1.16264,
        6.11355
      ],
      [
        -0.14052,
        -1.31452,
        4.47266
      ],
      [
        -0.208431,
        -1.24306,
        4.35584
      ]
    ]
  },
  "rhino_pool_frame.jpg": {
    "points_2d": [
      [
        509.9,
        241.9
      ],
      [
        988.8,
        207.5
      ],
      [
        350.0,
        221.4
      ],
      [
        547.1,
        10.3
      ],
      [
        586.2,
        16.9
      ],
      [
        752.6,
        59.6
      ],
      [
        853.9,
        127.5
      ],
      [
        261.7,
        189.8
      ],
      [
        191.0,
        184.2
      ],
      [
        58.0,
        236.3
      ],
      [
        3.2,
        91.2
      ],
      [
        38.5,
        267.0
      ],
      [
        969.2,
        461.3
      ],
      [
        966.4,
        402.7
      ],
      [
        513.6,
        212.1
      ],
      [
        491.3,
        173.1
      ],
      [
        729.4,
        253.0
      ]
    ],
    "points_3d": [
      [
        -1.24328,
        0.783699,
        -2.21547
      ],
      [
        -0.179841,
        0.260601,
        -1.24985
      ],
      [
        -0.857738,
        0.71228,
        -1.93095
      ],
      [
        -0.750126,
        0.488583,
        -3.55006
      ],
      [
        -0.60308,
        0.475947,
        -3.70327
      ],
      [
        -1.61642,
        0.446945,
        -3.19042
      ],
      [
        -2.35885,
        0.788647,
        -4.61942
      ],
      [
        -0.814128,
        0.675281,
        -1.92207
      ],
      [
        -0.424262,
        0.692827,
        -1.86184
      ],
      [
        -0.413567,
        0.657294,
        -1.38715
      ],
      [
        -0.247048,
        0.331861,
        -1.33656
      ],
      [
        -0.413567,
        0.657294,
        -1.38715
      ],
      [
        -1.60147,
        0.737154,
        -2.06719
      ],
      [
        -1.55828,
        0.750694,
        -2.1562
      ],
      [
        -1.15707,
        0.7543,
        -2.3349
      ],
      [
        -1.04892,
        0.76302,
        -2.53408
      ],
      [
        -1.41523,
        0.767749,
        -2.69799
      ]
    ]
  },
  "rhino_yard_1.jpg": {
    "points_2d": [
      [
        231.9,
        189.8
      ],
      [
        109.2,
        572.9
      ],
      [
        33.9,
        662.1
      ],
      [
        8.8,
        200.0
      ],
      [
        260.7,
        160.0
      ],
      [
        843.7,
        134.0
      ],
      [
        983.2,
        117.3
      ]
    ],
    "points_3d": [
      [
        2.73584,
        -0.436107,
        3.19189
      ],
      [
        3.82132,
        -0.761177,
        5.07403
      ],
      [
        4.39107,
        -0.819665,
        5.58276
      ],
      [
        3.79424,
        -0.768332,
        3.78605
      ],
      [
        2.86354,
        -0.338384,
        2.78607
      ],
      [
        0.681608,
        -1.20652,
        5.38838
      ],
      [
        0.434172,
        -1.22213,
        5.87749
      ]
    ]
  }
}